feature,group,scope,n_rows,n_present,coverage
previous_rpt_Q_Ah,state,all,254,254,1.0
previous_rpt_Q_Ah,state,DOD100_0.5C0.5C_-10degC,3,3,1.0
previous_rpt_Q_Ah,state,DOD100_0.5C0.5C_50degC,3,3,1.0
previous_rpt_Q_Ah,state,DOD100_1C1C_-10degC,3,3,1.0
previous_rpt_Q_Ah,state,DOD100_1C1C_25degC,24,24,1.0
previous_rpt_Q_Ah,state,DOD100_1C1C_40degC,13,13,1.0
previous_rpt_Q_Ah,state,DOD100_1C1C_50degC,3,3,1.0
previous_rpt_Q_Ah,state,DOD100_2C2C_-10degC,2,2,1.0
previous_rpt_Q_Ah,state,DOD100_2C2C_25degC,30,30,1.0
previous_rpt_Q_Ah,state,DOD100_2C2C_40degC,15,15,1.0
previous_rpt_Q_Ah,state,DOD100_2C2C_50degC,2,2,1.0
previous_rpt_Q_Ah,state,DOD20_2C2C_25degC,39,39,1.0
previous_rpt_Q_Ah,state,DOD20_2C2C_40degC,39,39,1.0
previous_rpt_Q_Ah,state,DOD80_1C1C_-10degC,3,3,1.0
previous_rpt_Q_Ah,state,DOD80_2C2C_25degC,39,39,1.0
previous_rpt_Q_Ah,state,DOD80_2C2C_40degC,33,33,1.0
previous_rpt_Q_Ah,state,DOD80_2C2C_50degC,3,3,1.0
previous_rpt_SOH_pct,state,all,254,254,1.0
previous_rpt_SOH_pct,state,DOD100_0.5C0.5C_-10degC,3,3,1.0
previous_rpt_SOH_pct,state,DOD100_0.5C0.5C_50degC,3,3,1.0
previous_rpt_SOH_pct,state,DOD100_1C1C_-10degC,3,3,1.0
previous_rpt_SOH_pct,state,DOD100_1C1C_25degC,24,24,1.0
previous_rpt_SOH_pct,state,DOD100_1C1C_40degC,13,13,1.0
previous_rpt_SOH_pct,state,DOD100_1C1C_50degC,3,3,1.0
previous_rpt_SOH_pct,state,DOD100_2C2C_-10degC,2,2,1.0
previous_rpt_SOH_pct,state,DOD100_2C2C_25degC,30,30,1.0
previous_rpt_SOH_pct,state,DOD100_2C2C_40degC,15,15,1.0
previous_rpt_SOH_pct,state,DOD100_2C2C_50degC,2,2,1.0
previous_rpt_SOH_pct,state,DOD20_2C2C_25degC,39,39,1.0
previous_rpt_SOH_pct,state,DOD20_2C2C_40degC,39,39,1.0
previous_rpt_SOH_pct,state,DOD80_1C1C_-10degC,3,3,1.0
previous_rpt_SOH_pct,state,DOD80_2C2C_25degC,39,39,1.0
previous_rpt_SOH_pct,state,DOD80_2C2C_40degC,33,33,1.0
previous_rpt_SOH_pct,state,DOD80_2C2C_50degC,3,3,1.0
EFC_cum,state,all,254,254,1.0
EFC_cum,state,DOD100_0.5C0.5C_-10degC,3,3,1.0
EFC_cum,state,DOD100_0.5C0.5C_50degC,3,3,1.0
EFC_cum,state,DOD100_1C1C_-10degC,3,3,1.0
EFC_cum,state,DOD100_1C1C_25degC,24,24,1.0
EFC_cum,state,DOD100_1C1C_40degC,13,13,1.0
EFC_cum,state,DOD100_1C1C_50degC,3,3,1.0
EFC_cum,state,DOD100_2C2C_-10degC,2,2,1.0
EFC_cum,state,DOD100_2C2C_25degC,30,30,1.0
EFC_cum,state,DOD100_2C2C_40degC,15,15,1.0
EFC_cum,state,DOD100_2C2C_50degC,2,2,1.0
EFC_cum,state,DOD20_2C2C_25degC,39,39,1.0
EFC_cum,state,DOD20_2C2C_40degC,39,39,1.0
EFC_cum,state,DOD80_1C1C_-10degC,3,3,1.0
EFC_cum,state,DOD80_2C2C_25degC,39,39,1.0
EFC_cum,state,DOD80_2C2C_40degC,33,33,1.0
EFC_cum,state,DOD80_2C2C_50degC,3,3,1.0
DOD_pct,condition,all,254,254,1.0
DOD_pct,condition,DOD100_0.5C0.5C_-10degC,3,3,1.0
DOD_pct,condition,DOD100_0.5C0.5C_50degC,3,3,1.0
DOD_pct,condition,DOD100_1C1C_-10degC,3,3,1.0
DOD_pct,condition,DOD100_1C1C_25degC,24,24,1.0
DOD_pct,condition,DOD100_1C1C_40degC,13,13,1.0
DOD_pct,condition,DOD100_1C1C_50degC,3,3,1.0
DOD_pct,condition,DOD100_2C2C_-10degC,2,2,1.0
DOD_pct,condition,DOD100_2C2C_25degC,30,30,1.0
DOD_pct,condition,DOD100_2C2C_40degC,15,15,1.0
DOD_pct,condition,DOD100_2C2C_50degC,2,2,1.0
DOD_pct,condition,DOD20_2C2C_25degC,39,39,1.0
DOD_pct,condition,DOD20_2C2C_40degC,39,39,1.0
DOD_pct,condition,DOD80_1C1C_-10degC,3,3,1.0
DOD_pct,condition,DOD80_2C2C_25degC,39,39,1.0
DOD_pct,condition,DOD80_2C2C_40degC,33,33,1.0
DOD_pct,condition,DOD80_2C2C_50degC,3,3,1.0
C_ch,condition,all,254,254,1.0
C_ch,condition,DOD100_0.5C0.5C_-10degC,3,3,1.0
C_ch,condition,DOD100_0.5C0.5C_50degC,3,3,1.0
C_ch,condition,DOD100_1C1C_-10degC,3,3,1.0
C_ch,condition,DOD100_1C1C_25degC,24,24,1.0
C_ch,condition,DOD100_1C1C_40degC,13,13,1.0
C_ch,condition,DOD100_1C1C_50degC,3,3,1.0
C_ch,condition,DOD100_2C2C_-10degC,2,2,1.0
C_ch,condition,DOD100_2C2C_25degC,30,30,1.0
C_ch,condition,DOD100_2C2C_40degC,15,15,1.0
C_ch,condition,DOD100_2C2C_50degC,2,2,1.0
C_ch,condition,DOD20_2C2C_25degC,39,39,1.0
C_ch,condition,DOD20_2C2C_40degC,39,39,1.0
C_ch,condition,DOD80_1C1C_-10degC,3,3,1.0
C_ch,condition,DOD80_2C2C_25degC,39,39,1.0
C_ch,condition,DOD80_2C2C_40degC,33,33,1.0
C_ch,condition,DOD80_2C2C_50degC,3,3,1.0
C_dis,condition,all,254,254,1.0
C_dis,condition,DOD100_0.5C0.5C_-10degC,3,3,1.0
C_dis,condition,DOD100_0.5C0.5C_50degC,3,3,1.0
C_dis,condition,DOD100_1C1C_-10degC,3,3,1.0
C_dis,condition,DOD100_1C1C_25degC,24,24,1.0
C_dis,condition,DOD100_1C1C_40degC,13,13,1.0
C_dis,condition,DOD100_1C1C_50degC,3,3,1.0
C_dis,condition,DOD100_2C2C_-10degC,2,2,1.0
C_dis,condition,DOD100_2C2C_25degC,30,30,1.0
C_dis,condition,DOD100_2C2C_40degC,15,15,1.0
C_dis,condition,DOD100_2C2C_50degC,2,2,1.0
C_dis,condition,DOD20_2C2C_25degC,39,39,1.0
C_dis,condition,DOD20_2C2C_40degC,39,39,1.0
C_dis,condition,DOD80_1C1C_-10degC,3,3,1.0
C_dis,condition,DOD80_2C2C_25degC,39,39,1.0
C_dis,condition,DOD80_2C2C_40degC,33,33,1.0
C_dis,condition,DOD80_2C2C_50degC,3,3,1.0
T_degC,condition,all,254,254,1.0
T_degC,condition,DOD100_0.5C0.5C_-10degC,3,3,1.0
T_degC,condition,DOD100_0.5C0.5C_50degC,3,3,1.0
T_degC,condition,DOD100_1C1C_-10degC,3,3,1.0
T_degC,condition,DOD100_1C1C_25degC,24,24,1.0
T_degC,condition,DOD100_1C1C_40degC,13,13,1.0
T_degC,condition,DOD100_1C1C_50degC,3,3,1.0
T_degC,condition,DOD100_2C2C_-10degC,2,2,1.0
T_degC,condition,DOD100_2C2C_25degC,30,30,1.0
T_degC,condition,DOD100_2C2C_40degC,15,15,1.0
T_degC,condition,DOD100_2C2C_50degC,2,2,1.0
T_degC,condition,DOD20_2C2C_25degC,39,39,1.0
T_degC,condition,DOD20_2C2C_40degC,39,39,1.0
T_degC,condition,DOD80_1C1C_-10degC,3,3,1.0
T_degC,condition,DOD80_2C2C_25degC,39,39,1.0
T_degC,condition,DOD80_2C2C_40degC,33,33,1.0
T_degC,condition,DOD80_2C2C_50degC,3,3,1.0
visit_index,state,all,254,254,1.0
visit_index,state,DOD100_0.5C0.5C_-10degC,3,3,1.0
visit_index,state,DOD100_0.5C0.5C_50degC,3,3,1.0
visit_index,state,DOD100_1C1C_-10degC,3,3,1.0
visit_index,state,DOD100_1C1C_25degC,24,24,1.0
visit_index,state,DOD100_1C1C_40degC,13,13,1.0
visit_index,state,DOD100_1C1C_50degC,3,3,1.0
visit_index,state,DOD100_2C2C_-10degC,2,2,1.0
visit_index,state,DOD100_2C2C_25degC,30,30,1.0
visit_index,state,DOD100_2C2C_40degC,15,15,1.0
visit_index,state,DOD100_2C2C_50degC,2,2,1.0
visit_index,state,DOD20_2C2C_25degC,39,39,1.0
visit_index,state,DOD20_2C2C_40degC,39,39,1.0
visit_index,state,DOD80_1C1C_-10degC,3,3,1.0
visit_index,state,DOD80_2C2C_25degC,39,39,1.0
visit_index,state,DOD80_2C2C_40degC,33,33,1.0
visit_index,state,DOD80_2C2C_50degC,3,3,1.0
Q_discharge_Ah,cycle_aggregate,all,254,254,1.0
Q_discharge_Ah,cycle_aggregate,DOD100_0.5C0.5C_-10degC,3,3,1.0
Q_discharge_Ah,cycle_aggregate,DOD100_0.5C0.5C_50degC,3,3,1.0
Q_discharge_Ah,cycle_aggregate,DOD100_1C1C_-10degC,3,3,1.0
Q_discharge_Ah,cycle_aggregate,DOD100_1C1C_25degC,24,24,1.0
Q_discharge_Ah,cycle_aggregate,DOD100_1C1C_40degC,13,13,1.0
Q_discharge_Ah,cycle_aggregate,DOD100_1C1C_50degC,3,3,1.0
Q_discharge_Ah,cycle_aggregate,DOD100_2C2C_-10degC,2,2,1.0
Q_discharge_Ah,cycle_aggregate,DOD100_2C2C_25degC,30,30,1.0
Q_discharge_Ah,cycle_aggregate,DOD100_2C2C_40degC,15,15,1.0
Q_discharge_Ah,cycle_aggregate,DOD100_2C2C_50degC,2,2,1.0
Q_discharge_Ah,cycle_aggregate,DOD20_2C2C_25degC,39,39,1.0
Q_discharge_Ah,cycle_aggregate,DOD20_2C2C_40degC,39,39,1.0
Q_discharge_Ah,cycle_aggregate,DOD80_1C1C_-10degC,3,3,1.0
Q_discharge_Ah,cycle_aggregate,DOD80_2C2C_25degC,39,39,1.0
Q_discharge_Ah,cycle_aggregate,DOD80_2C2C_40degC,33,33,1.0
Q_discharge_Ah,cycle_aggregate,DOD80_2C2C_50degC,3,3,1.0
coulombic_efficiency,cycle_aggregate,all,254,254,1.0
coulombic_efficiency,cycle_aggregate,DOD100_0.5C0.5C_-10degC,3,3,1.0
coulombic_efficiency,cycle_aggregate,DOD100_0.5C0.5C_50degC,3,3,1.0
coulombic_efficiency,cycle_aggregate,DOD100_1C1C_-10degC,3,3,1.0
coulombic_efficiency,cycle_aggregate,DOD100_1C1C_25degC,24,24,1.0
coulombic_efficiency,cycle_aggregate,DOD100_1C1C_40degC,13,13,1.0
coulombic_efficiency,cycle_aggregate,DOD100_1C1C_50degC,3,3,1.0
coulombic_efficiency,cycle_aggregate,DOD100_2C2C_-10degC,2,2,1.0
coulombic_efficiency,cycle_aggregate,DOD100_2C2C_25degC,30,30,1.0
coulombic_efficiency,cycle_aggregate,DOD100_2C2C_40degC,15,15,1.0
coulombic_efficiency,cycle_aggregate,DOD100_2C2C_50degC,2,2,1.0
coulombic_efficiency,cycle_aggregate,DOD20_2C2C_25degC,39,39,1.0
coulombic_efficiency,cycle_aggregate,DOD20_2C2C_40degC,39,39,1.0
coulombic_efficiency,cycle_aggregate,DOD80_1C1C_-10degC,3,3,1.0
coulombic_efficiency,cycle_aggregate,DOD80_2C2C_25degC,39,39,1.0
coulombic_efficiency,cycle_aggregate,DOD80_2C2C_40degC,33,33,1.0
coulombic_efficiency,cycle_aggregate,DOD80_2C2C_50degC,3,3,1.0
energy_loss_Wh,cycle_aggregate,all,254,254,1.0
energy_loss_Wh,cycle_aggregate,DOD100_0.5C0.5C_-10degC,3,3,1.0
energy_loss_Wh,cycle_aggregate,DOD100_0.5C0.5C_50degC,3,3,1.0
energy_loss_Wh,cycle_aggregate,DOD100_1C1C_-10degC,3,3,1.0
energy_loss_Wh,cycle_aggregate,DOD100_1C1C_25degC,24,24,1.0
energy_loss_Wh,cycle_aggregate,DOD100_1C1C_40degC,13,13,1.0
energy_loss_Wh,cycle_aggregate,DOD100_1C1C_50degC,3,3,1.0
energy_loss_Wh,cycle_aggregate,DOD100_2C2C_-10degC,2,2,1.0
energy_loss_Wh,cycle_aggregate,DOD100_2C2C_25degC,30,30,1.0
energy_loss_Wh,cycle_aggregate,DOD100_2C2C_40degC,15,15,1.0
energy_loss_Wh,cycle_aggregate,DOD100_2C2C_50degC,2,2,1.0
energy_loss_Wh,cycle_aggregate,DOD20_2C2C_25degC,39,39,1.0
energy_loss_Wh,cycle_aggregate,DOD20_2C2C_40degC,39,39,1.0
energy_loss_Wh,cycle_aggregate,DOD80_1C1C_-10degC,3,3,1.0
energy_loss_Wh,cycle_aggregate,DOD80_2C2C_25degC,39,39,1.0
energy_loss_Wh,cycle_aggregate,DOD80_2C2C_40degC,33,33,1.0
energy_loss_Wh,cycle_aggregate,DOD80_2C2C_50degC,3,3,1.0
voltage_hysteresis_V,cycle_aggregate,all,254,254,1.0
voltage_hysteresis_V,cycle_aggregate,DOD100_0.5C0.5C_-10degC,3,3,1.0
voltage_hysteresis_V,cycle_aggregate,DOD100_0.5C0.5C_50degC,3,3,1.0
voltage_hysteresis_V,cycle_aggregate,DOD100_1C1C_-10degC,3,3,1.0
voltage_hysteresis_V,cycle_aggregate,DOD100_1C1C_25degC,24,24,1.0
voltage_hysteresis_V,cycle_aggregate,DOD100_1C1C_40degC,13,13,1.0
voltage_hysteresis_V,cycle_aggregate,DOD100_1C1C_50degC,3,3,1.0
voltage_hysteresis_V,cycle_aggregate,DOD100_2C2C_-10degC,2,2,1.0
voltage_hysteresis_V,cycle_aggregate,DOD100_2C2C_25degC,30,30,1.0
voltage_hysteresis_V,cycle_aggregate,DOD100_2C2C_40degC,15,15,1.0
voltage_hysteresis_V,cycle_aggregate,DOD100_2C2C_50degC,2,2,1.0
voltage_hysteresis_V,cycle_aggregate,DOD20_2C2C_25degC,39,39,1.0
voltage_hysteresis_V,cycle_aggregate,DOD20_2C2C_40degC,39,39,1.0
voltage_hysteresis_V,cycle_aggregate,DOD80_1C1C_-10degC,3,3,1.0
voltage_hysteresis_V,cycle_aggregate,DOD80_2C2C_25degC,39,39,1.0
voltage_hysteresis_V,cycle_aggregate,DOD80_2C2C_40degC,33,33,1.0
voltage_hysteresis_V,cycle_aggregate,DOD80_2C2C_50degC,3,3,1.0
T_max,cycle_aggregate,all,254,254,1.0
T_max,cycle_aggregate,DOD100_0.5C0.5C_-10degC,3,3,1.0
T_max,cycle_aggregate,DOD100_0.5C0.5C_50degC,3,3,1.0
T_max,cycle_aggregate,DOD100_1C1C_-10degC,3,3,1.0
T_max,cycle_aggregate,DOD100_1C1C_25degC,24,24,1.0
T_max,cycle_aggregate,DOD100_1C1C_40degC,13,13,1.0
T_max,cycle_aggregate,DOD100_1C1C_50degC,3,3,1.0
T_max,cycle_aggregate,DOD100_2C2C_-10degC,2,2,1.0
T_max,cycle_aggregate,DOD100_2C2C_25degC,30,30,1.0
T_max,cycle_aggregate,DOD100_2C2C_40degC,15,15,1.0
T_max,cycle_aggregate,DOD100_2C2C_50degC,2,2,1.0
T_max,cycle_aggregate,DOD20_2C2C_25degC,39,39,1.0
T_max,cycle_aggregate,DOD20_2C2C_40degC,39,39,1.0
T_max,cycle_aggregate,DOD80_1C1C_-10degC,3,3,1.0
T_max,cycle_aggregate,DOD80_2C2C_25degC,39,39,1.0
T_max,cycle_aggregate,DOD80_2C2C_40degC,33,33,1.0
T_max,cycle_aggregate,DOD80_2C2C_50degC,3,3,1.0
temperature_span_C,cycle_aggregate,all,254,254,1.0
temperature_span_C,cycle_aggregate,DOD100_0.5C0.5C_-10degC,3,3,1.0
temperature_span_C,cycle_aggregate,DOD100_0.5C0.5C_50degC,3,3,1.0
temperature_span_C,cycle_aggregate,DOD100_1C1C_-10degC,3,3,1.0
temperature_span_C,cycle_aggregate,DOD100_1C1C_25degC,24,24,1.0
temperature_span_C,cycle_aggregate,DOD100_1C1C_40degC,13,13,1.0
temperature_span_C,cycle_aggregate,DOD100_1C1C_50degC,3,3,1.0
temperature_span_C,cycle_aggregate,DOD100_2C2C_-10degC,2,2,1.0
temperature_span_C,cycle_aggregate,DOD100_2C2C_25degC,30,30,1.0
temperature_span_C,cycle_aggregate,DOD100_2C2C_40degC,15,15,1.0
temperature_span_C,cycle_aggregate,DOD100_2C2C_50degC,2,2,1.0
temperature_span_C,cycle_aggregate,DOD20_2C2C_25degC,39,39,1.0
temperature_span_C,cycle_aggregate,DOD20_2C2C_40degC,39,39,1.0
temperature_span_C,cycle_aggregate,DOD80_1C1C_-10degC,3,3,1.0
temperature_span_C,cycle_aggregate,DOD80_2C2C_25degC,39,39,1.0
temperature_span_C,cycle_aggregate,DOD80_2C2C_40degC,33,33,1.0
temperature_span_C,cycle_aggregate,DOD80_2C2C_50degC,3,3,1.0
Q_discharge_Ah_r10_slope,temporal,all,254,254,1.0
Q_discharge_Ah_r10_slope,temporal,DOD100_0.5C0.5C_-10degC,3,3,1.0
Q_discharge_Ah_r10_slope,temporal,DOD100_0.5C0.5C_50degC,3,3,1.0
Q_discharge_Ah_r10_slope,temporal,DOD100_1C1C_-10degC,3,3,1.0
Q_discharge_Ah_r10_slope,temporal,DOD100_1C1C_25degC,24,24,1.0
Q_discharge_Ah_r10_slope,temporal,DOD100_1C1C_40degC,13,13,1.0
Q_discharge_Ah_r10_slope,temporal,DOD100_1C1C_50degC,3,3,1.0
Q_discharge_Ah_r10_slope,temporal,DOD100_2C2C_-10degC,2,2,1.0
Q_discharge_Ah_r10_slope,temporal,DOD100_2C2C_25degC,30,30,1.0
Q_discharge_Ah_r10_slope,temporal,DOD100_2C2C_40degC,15,15,1.0
Q_discharge_Ah_r10_slope,temporal,DOD100_2C2C_50degC,2,2,1.0
Q_discharge_Ah_r10_slope,temporal,DOD20_2C2C_25degC,39,39,1.0
Q_discharge_Ah_r10_slope,temporal,DOD20_2C2C_40degC,39,39,1.0
Q_discharge_Ah_r10_slope,temporal,DOD80_1C1C_-10degC,3,3,1.0
Q_discharge_Ah_r10_slope,temporal,DOD80_2C2C_25degC,39,39,1.0
Q_discharge_Ah_r10_slope,temporal,DOD80_2C2C_40degC,33,33,1.0
Q_discharge_Ah_r10_slope,temporal,DOD80_2C2C_50degC,3,3,1.0
Q_discharge_Ah_r10_std,temporal,all,254,254,1.0
Q_discharge_Ah_r10_std,temporal,DOD100_0.5C0.5C_-10degC,3,3,1.0
Q_discharge_Ah_r10_std,temporal,DOD100_0.5C0.5C_50degC,3,3,1.0
Q_discharge_Ah_r10_std,temporal,DOD100_1C1C_-10degC,3,3,1.0
Q_discharge_Ah_r10_std,temporal,DOD100_1C1C_25degC,24,24,1.0
Q_discharge_Ah_r10_std,temporal,DOD100_1C1C_40degC,13,13,1.0
Q_discharge_Ah_r10_std,temporal,DOD100_1C1C_50degC,3,3,1.0
Q_discharge_Ah_r10_std,temporal,DOD100_2C2C_-10degC,2,2,1.0
Q_discharge_Ah_r10_std,temporal,DOD100_2C2C_25degC,30,30,1.0
Q_discharge_Ah_r10_std,temporal,DOD100_2C2C_40degC,15,15,1.0
Q_discharge_Ah_r10_std,temporal,DOD100_2C2C_50degC,2,2,1.0
Q_discharge_Ah_r10_std,temporal,DOD20_2C2C_25degC,39,39,1.0
Q_discharge_Ah_r10_std,temporal,DOD20_2C2C_40degC,39,39,1.0
Q_discharge_Ah_r10_std,temporal,DOD80_1C1C_-10degC,3,3,1.0
Q_discharge_Ah_r10_std,temporal,DOD80_2C2C_25degC,39,39,1.0
Q_discharge_Ah_r10_std,temporal,DOD80_2C2C_40degC,33,33,1.0
Q_discharge_Ah_r10_std,temporal,DOD80_2C2C_50degC,3,3,1.0
Q_discharge_Ah_dev_r10,temporal,all,254,254,1.0
Q_discharge_Ah_dev_r10,temporal,DOD100_0.5C0.5C_-10degC,3,3,1.0
Q_discharge_Ah_dev_r10,temporal,DOD100_0.5C0.5C_50degC,3,3,1.0
Q_discharge_Ah_dev_r10,temporal,DOD100_1C1C_-10degC,3,3,1.0
Q_discharge_Ah_dev_r10,temporal,DOD100_1C1C_25degC,24,24,1.0
Q_discharge_Ah_dev_r10,temporal,DOD100_1C1C_40degC,13,13,1.0
Q_discharge_Ah_dev_r10,temporal,DOD100_1C1C_50degC,3,3,1.0
Q_discharge_Ah_dev_r10,temporal,DOD100_2C2C_-10degC,2,2,1.0
Q_discharge_Ah_dev_r10,temporal,DOD100_2C2C_25degC,30,30,1.0
Q_discharge_Ah_dev_r10,temporal,DOD100_2C2C_40degC,15,15,1.0
Q_discharge_Ah_dev_r10,temporal,DOD100_2C2C_50degC,2,2,1.0
Q_discharge_Ah_dev_r10,temporal,DOD20_2C2C_25degC,39,39,1.0
Q_discharge_Ah_dev_r10,temporal,DOD20_2C2C_40degC,39,39,1.0
Q_discharge_Ah_dev_r10,temporal,DOD80_1C1C_-10degC,3,3,1.0
Q_discharge_Ah_dev_r10,temporal,DOD80_2C2C_25degC,39,39,1.0
Q_discharge_Ah_dev_r10,temporal,DOD80_2C2C_40degC,33,33,1.0
Q_discharge_Ah_dev_r10,temporal,DOD80_2C2C_50degC,3,3,1.0
coulombic_efficiency_r10_mean,temporal,all,254,254,1.0
coulombic_efficiency_r10_mean,temporal,DOD100_0.5C0.5C_-10degC,3,3,1.0
coulombic_efficiency_r10_mean,temporal,DOD100_0.5C0.5C_50degC,3,3,1.0
coulombic_efficiency_r10_mean,temporal,DOD100_1C1C_-10degC,3,3,1.0
coulombic_efficiency_r10_mean,temporal,DOD100_1C1C_25degC,24,24,1.0
coulombic_efficiency_r10_mean,temporal,DOD100_1C1C_40degC,13,13,1.0
coulombic_efficiency_r10_mean,temporal,DOD100_1C1C_50degC,3,3,1.0
coulombic_efficiency_r10_mean,temporal,DOD100_2C2C_-10degC,2,2,1.0
coulombic_efficiency_r10_mean,temporal,DOD100_2C2C_25degC,30,30,1.0
coulombic_efficiency_r10_mean,temporal,DOD100_2C2C_40degC,15,15,1.0
coulombic_efficiency_r10_mean,temporal,DOD100_2C2C_50degC,2,2,1.0
coulombic_efficiency_r10_mean,temporal,DOD20_2C2C_25degC,39,39,1.0
coulombic_efficiency_r10_mean,temporal,DOD20_2C2C_40degC,39,39,1.0
coulombic_efficiency_r10_mean,temporal,DOD80_1C1C_-10degC,3,3,1.0
coulombic_efficiency_r10_mean,temporal,DOD80_2C2C_25degC,39,39,1.0
coulombic_efficiency_r10_mean,temporal,DOD80_2C2C_40degC,33,33,1.0
coulombic_efficiency_r10_mean,temporal,DOD80_2C2C_50degC,3,3,1.0
coulombic_efficiency_r10_slope,temporal,all,254,254,1.0
coulombic_efficiency_r10_slope,temporal,DOD100_0.5C0.5C_-10degC,3,3,1.0
coulombic_efficiency_r10_slope,temporal,DOD100_0.5C0.5C_50degC,3,3,1.0
coulombic_efficiency_r10_slope,temporal,DOD100_1C1C_-10degC,3,3,1.0
coulombic_efficiency_r10_slope,temporal,DOD100_1C1C_25degC,24,24,1.0
coulombic_efficiency_r10_slope,temporal,DOD100_1C1C_40degC,13,13,1.0
coulombic_efficiency_r10_slope,temporal,DOD100_1C1C_50degC,3,3,1.0
coulombic_efficiency_r10_slope,temporal,DOD100_2C2C_-10degC,2,2,1.0
coulombic_efficiency_r10_slope,temporal,DOD100_2C2C_25degC,30,30,1.0
coulombic_efficiency_r10_slope,temporal,DOD100_2C2C_40degC,15,15,1.0
coulombic_efficiency_r10_slope,temporal,DOD100_2C2C_50degC,2,2,1.0
coulombic_efficiency_r10_slope,temporal,DOD20_2C2C_25degC,39,39,1.0
coulombic_efficiency_r10_slope,temporal,DOD20_2C2C_40degC,39,39,1.0
coulombic_efficiency_r10_slope,temporal,DOD80_1C1C_-10degC,3,3,1.0
coulombic_efficiency_r10_slope,temporal,DOD80_2C2C_25degC,39,39,1.0
coulombic_efficiency_r10_slope,temporal,DOD80_2C2C_40degC,33,33,1.0
coulombic_efficiency_r10_slope,temporal,DOD80_2C2C_50degC,3,3,1.0
dqv_logvar,dqv,all,254,251,0.9881889763779528
dqv_logvar,dqv,DOD100_0.5C0.5C_-10degC,3,3,1.0
dqv_logvar,dqv,DOD100_0.5C0.5C_50degC,3,3,1.0
dqv_logvar,dqv,DOD100_1C1C_-10degC,3,3,1.0
dqv_logvar,dqv,DOD100_1C1C_25degC,24,24,1.0
dqv_logvar,dqv,DOD100_1C1C_40degC,13,13,1.0
dqv_logvar,dqv,DOD100_1C1C_50degC,3,3,1.0
dqv_logvar,dqv,DOD100_2C2C_-10degC,2,1,0.5
dqv_logvar,dqv,DOD100_2C2C_25degC,30,30,1.0
dqv_logvar,dqv,DOD100_2C2C_40degC,15,15,1.0
dqv_logvar,dqv,DOD100_2C2C_50degC,2,2,1.0
dqv_logvar,dqv,DOD20_2C2C_25degC,39,39,1.0
dqv_logvar,dqv,DOD20_2C2C_40degC,39,39,1.0
dqv_logvar,dqv,DOD80_1C1C_-10degC,3,1,0.3333333333333333
dqv_logvar,dqv,DOD80_2C2C_25degC,39,39,1.0
dqv_logvar,dqv,DOD80_2C2C_40degC,33,33,1.0
dqv_logvar,dqv,DOD80_2C2C_50degC,3,3,1.0
dqv_min,dqv,all,254,251,0.9881889763779528
dqv_min,dqv,DOD100_0.5C0.5C_-10degC,3,3,1.0
dqv_min,dqv,DOD100_0.5C0.5C_50degC,3,3,1.0
dqv_min,dqv,DOD100_1C1C_-10degC,3,3,1.0
dqv_min,dqv,DOD100_1C1C_25degC,24,24,1.0
dqv_min,dqv,DOD100_1C1C_40degC,13,13,1.0
dqv_min,dqv,DOD100_1C1C_50degC,3,3,1.0
dqv_min,dqv,DOD100_2C2C_-10degC,2,1,0.5
dqv_min,dqv,DOD100_2C2C_25degC,30,30,1.0
dqv_min,dqv,DOD100_2C2C_40degC,15,15,1.0
dqv_min,dqv,DOD100_2C2C_50degC,2,2,1.0
dqv_min,dqv,DOD20_2C2C_25degC,39,39,1.0
dqv_min,dqv,DOD20_2C2C_40degC,39,39,1.0
dqv_min,dqv,DOD80_1C1C_-10degC,3,1,0.3333333333333333
dqv_min,dqv,DOD80_2C2C_25degC,39,39,1.0
dqv_min,dqv,DOD80_2C2C_40degC,33,33,1.0
dqv_min,dqv,DOD80_2C2C_50degC,3,3,1.0
dqv_l2,dqv,all,254,251,0.9881889763779528
dqv_l2,dqv,DOD100_0.5C0.5C_-10degC,3,3,1.0
dqv_l2,dqv,DOD100_0.5C0.5C_50degC,3,3,1.0
dqv_l2,dqv,DOD100_1C1C_-10degC,3,3,1.0
dqv_l2,dqv,DOD100_1C1C_25degC,24,24,1.0
dqv_l2,dqv,DOD100_1C1C_40degC,13,13,1.0
dqv_l2,dqv,DOD100_1C1C_50degC,3,3,1.0
dqv_l2,dqv,DOD100_2C2C_-10degC,2,1,0.5
dqv_l2,dqv,DOD100_2C2C_25degC,30,30,1.0
dqv_l2,dqv,DOD100_2C2C_40degC,15,15,1.0
dqv_l2,dqv,DOD100_2C2C_50degC,2,2,1.0
dqv_l2,dqv,DOD20_2C2C_25degC,39,39,1.0
dqv_l2,dqv,DOD20_2C2C_40degC,39,39,1.0
dqv_l2,dqv,DOD80_1C1C_-10degC,3,1,0.3333333333333333
dqv_l2,dqv,DOD80_2C2C_25degC,39,39,1.0
dqv_l2,dqv,DOD80_2C2C_40degC,33,33,1.0
dqv_l2,dqv,DOD80_2C2C_50degC,3,3,1.0
dqv_skew,dqv,all,254,251,0.9881889763779528
dqv_skew,dqv,DOD100_0.5C0.5C_-10degC,3,3,1.0
dqv_skew,dqv,DOD100_0.5C0.5C_50degC,3,3,1.0
dqv_skew,dqv,DOD100_1C1C_-10degC,3,3,1.0
dqv_skew,dqv,DOD100_1C1C_25degC,24,24,1.0
dqv_skew,dqv,DOD100_1C1C_40degC,13,13,1.0
dqv_skew,dqv,DOD100_1C1C_50degC,3,3,1.0
dqv_skew,dqv,DOD100_2C2C_-10degC,2,1,0.5
dqv_skew,dqv,DOD100_2C2C_25degC,30,30,1.0
dqv_skew,dqv,DOD100_2C2C_40degC,15,15,1.0
dqv_skew,dqv,DOD100_2C2C_50degC,2,2,1.0
dqv_skew,dqv,DOD20_2C2C_25degC,39,39,1.0
dqv_skew,dqv,DOD20_2C2C_40degC,39,39,1.0
dqv_skew,dqv,DOD80_1C1C_-10degC,3,1,0.3333333333333333
dqv_skew,dqv,DOD80_2C2C_25degC,39,39,1.0
dqv_skew,dqv,DOD80_2C2C_40degC,33,33,1.0
dqv_skew,dqv,DOD80_2C2C_50degC,3,3,1.0
dqv_v_at_max_abs_dev,dqv,all,254,251,0.9881889763779528
dqv_v_at_max_abs_dev,dqv,DOD100_0.5C0.5C_-10degC,3,3,1.0
dqv_v_at_max_abs_dev,dqv,DOD100_0.5C0.5C_50degC,3,3,1.0
dqv_v_at_max_abs_dev,dqv,DOD100_1C1C_-10degC,3,3,1.0
dqv_v_at_max_abs_dev,dqv,DOD100_1C1C_25degC,24,24,1.0
dqv_v_at_max_abs_dev,dqv,DOD100_1C1C_40degC,13,13,1.0
dqv_v_at_max_abs_dev,dqv,DOD100_1C1C_50degC,3,3,1.0
dqv_v_at_max_abs_dev,dqv,DOD100_2C2C_-10degC,2,1,0.5
dqv_v_at_max_abs_dev,dqv,DOD100_2C2C_25degC,30,30,1.0
dqv_v_at_max_abs_dev,dqv,DOD100_2C2C_40degC,15,15,1.0
dqv_v_at_max_abs_dev,dqv,DOD100_2C2C_50degC,2,2,1.0
dqv_v_at_max_abs_dev,dqv,DOD20_2C2C_25degC,39,39,1.0
dqv_v_at_max_abs_dev,dqv,DOD20_2C2C_40degC,39,39,1.0
dqv_v_at_max_abs_dev,dqv,DOD80_1C1C_-10degC,3,1,0.3333333333333333
dqv_v_at_max_abs_dev,dqv,DOD80_2C2C_25degC,39,39,1.0
dqv_v_at_max_abs_dev,dqv,DOD80_2C2C_40degC,33,33,1.0
dqv_v_at_max_abs_dev,dqv,DOD80_2C2C_50degC,3,3,1.0
dqv_overlap_span_V,dqv,all,254,251,0.9881889763779528
dqv_overlap_span_V,dqv,DOD100_0.5C0.5C_-10degC,3,3,1.0
dqv_overlap_span_V,dqv,DOD100_0.5C0.5C_50degC,3,3,1.0
dqv_overlap_span_V,dqv,DOD100_1C1C_-10degC,3,3,1.0
dqv_overlap_span_V,dqv,DOD100_1C1C_25degC,24,24,1.0
dqv_overlap_span_V,dqv,DOD100_1C1C_40degC,13,13,1.0
dqv_overlap_span_V,dqv,DOD100_1C1C_50degC,3,3,1.0
dqv_overlap_span_V,dqv,DOD100_2C2C_-10degC,2,1,0.5
dqv_overlap_span_V,dqv,DOD100_2C2C_25degC,30,30,1.0
dqv_overlap_span_V,dqv,DOD100_2C2C_40degC,15,15,1.0
dqv_overlap_span_V,dqv,DOD100_2C2C_50degC,2,2,1.0
dqv_overlap_span_V,dqv,DOD20_2C2C_25degC,39,39,1.0
dqv_overlap_span_V,dqv,DOD20_2C2C_40degC,39,39,1.0
dqv_overlap_span_V,dqv,DOD80_1C1C_-10degC,3,1,0.3333333333333333
dqv_overlap_span_V,dqv,DOD80_2C2C_25degC,39,39,1.0
dqv_overlap_span_V,dqv,DOD80_2C2C_40degC,33,33,1.0
dqv_overlap_span_V,dqv,DOD80_2C2C_50degC,3,3,1.0
icdv_dis_peak1_V_shift,icdv,all,254,251,0.9881889763779528
icdv_dis_peak1_V_shift,icdv,DOD100_0.5C0.5C_-10degC,3,3,1.0
icdv_dis_peak1_V_shift,icdv,DOD100_0.5C0.5C_50degC,3,3,1.0
icdv_dis_peak1_V_shift,icdv,DOD100_1C1C_-10degC,3,3,1.0
icdv_dis_peak1_V_shift,icdv,DOD100_1C1C_25degC,24,24,1.0
icdv_dis_peak1_V_shift,icdv,DOD100_1C1C_40degC,13,13,1.0
icdv_dis_peak1_V_shift,icdv,DOD100_1C1C_50degC,3,3,1.0
icdv_dis_peak1_V_shift,icdv,DOD100_2C2C_-10degC,2,1,0.5
icdv_dis_peak1_V_shift,icdv,DOD100_2C2C_25degC,30,30,1.0
icdv_dis_peak1_V_shift,icdv,DOD100_2C2C_40degC,15,15,1.0
icdv_dis_peak1_V_shift,icdv,DOD100_2C2C_50degC,2,2,1.0
icdv_dis_peak1_V_shift,icdv,DOD20_2C2C_25degC,39,39,1.0
icdv_dis_peak1_V_shift,icdv,DOD20_2C2C_40degC,39,39,1.0
icdv_dis_peak1_V_shift,icdv,DOD80_1C1C_-10degC,3,1,0.3333333333333333
icdv_dis_peak1_V_shift,icdv,DOD80_2C2C_25degC,39,39,1.0
icdv_dis_peak1_V_shift,icdv,DOD80_2C2C_40degC,33,33,1.0
icdv_dis_peak1_V_shift,icdv,DOD80_2C2C_50degC,3,3,1.0
icdv_dis_peak1_height_change,icdv,all,254,251,0.9881889763779528
icdv_dis_peak1_height_change,icdv,DOD100_0.5C0.5C_-10degC,3,3,1.0
icdv_dis_peak1_height_change,icdv,DOD100_0.5C0.5C_50degC,3,3,1.0
icdv_dis_peak1_height_change,icdv,DOD100_1C1C_-10degC,3,3,1.0
icdv_dis_peak1_height_change,icdv,DOD100_1C1C_25degC,24,24,1.0
icdv_dis_peak1_height_change,icdv,DOD100_1C1C_40degC,13,13,1.0
icdv_dis_peak1_height_change,icdv,DOD100_1C1C_50degC,3,3,1.0
icdv_dis_peak1_height_change,icdv,DOD100_2C2C_-10degC,2,1,0.5
icdv_dis_peak1_height_change,icdv,DOD100_2C2C_25degC,30,30,1.0
icdv_dis_peak1_height_change,icdv,DOD100_2C2C_40degC,15,15,1.0
icdv_dis_peak1_height_change,icdv,DOD100_2C2C_50degC,2,2,1.0
icdv_dis_peak1_height_change,icdv,DOD20_2C2C_25degC,39,39,1.0
icdv_dis_peak1_height_change,icdv,DOD20_2C2C_40degC,39,39,1.0
icdv_dis_peak1_height_change,icdv,DOD80_1C1C_-10degC,3,1,0.3333333333333333
icdv_dis_peak1_height_change,icdv,DOD80_2C2C_25degC,39,39,1.0
icdv_dis_peak1_height_change,icdv,DOD80_2C2C_40degC,33,33,1.0
icdv_dis_peak1_height_change,icdv,DOD80_2C2C_50degC,3,3,1.0
thermal_discharge_rise_degC,thermal,all,254,254,1.0
thermal_discharge_rise_degC,thermal,DOD100_0.5C0.5C_-10degC,3,3,1.0
thermal_discharge_rise_degC,thermal,DOD100_0.5C0.5C_50degC,3,3,1.0
thermal_discharge_rise_degC,thermal,DOD100_1C1C_-10degC,3,3,1.0
thermal_discharge_rise_degC,thermal,DOD100_1C1C_25degC,24,24,1.0
thermal_discharge_rise_degC,thermal,DOD100_1C1C_40degC,13,13,1.0
thermal_discharge_rise_degC,thermal,DOD100_1C1C_50degC,3,3,1.0
thermal_discharge_rise_degC,thermal,DOD100_2C2C_-10degC,2,2,1.0
thermal_discharge_rise_degC,thermal,DOD100_2C2C_25degC,30,30,1.0
thermal_discharge_rise_degC,thermal,DOD100_2C2C_40degC,15,15,1.0
thermal_discharge_rise_degC,thermal,DOD100_2C2C_50degC,2,2,1.0
thermal_discharge_rise_degC,thermal,DOD20_2C2C_25degC,39,39,1.0
thermal_discharge_rise_degC,thermal,DOD20_2C2C_40degC,39,39,1.0
thermal_discharge_rise_degC,thermal,DOD80_1C1C_-10degC,3,3,1.0
thermal_discharge_rise_degC,thermal,DOD80_2C2C_25degC,39,39,1.0
thermal_discharge_rise_degC,thermal,DOD80_2C2C_40degC,33,33,1.0
thermal_discharge_rise_degC,thermal,DOD80_2C2C_50degC,3,3,1.0
thermal_max_dTdt_degC_s,thermal,all,254,254,1.0
thermal_max_dTdt_degC_s,thermal,DOD100_0.5C0.5C_-10degC,3,3,1.0
thermal_max_dTdt_degC_s,thermal,DOD100_0.5C0.5C_50degC,3,3,1.0
thermal_max_dTdt_degC_s,thermal,DOD100_1C1C_-10degC,3,3,1.0
thermal_max_dTdt_degC_s,thermal,DOD100_1C1C_25degC,24,24,1.0
thermal_max_dTdt_degC_s,thermal,DOD100_1C1C_40degC,13,13,1.0
thermal_max_dTdt_degC_s,thermal,DOD100_1C1C_50degC,3,3,1.0
thermal_max_dTdt_degC_s,thermal,DOD100_2C2C_-10degC,2,2,1.0
thermal_max_dTdt_degC_s,thermal,DOD100_2C2C_25degC,30,30,1.0
thermal_max_dTdt_degC_s,thermal,DOD100_2C2C_40degC,15,15,1.0
thermal_max_dTdt_degC_s,thermal,DOD100_2C2C_50degC,2,2,1.0
thermal_max_dTdt_degC_s,thermal,DOD20_2C2C_25degC,39,39,1.0
thermal_max_dTdt_degC_s,thermal,DOD20_2C2C_40degC,39,39,1.0
thermal_max_dTdt_degC_s,thermal,DOD80_1C1C_-10degC,3,3,1.0
thermal_max_dTdt_degC_s,thermal,DOD80_2C2C_25degC,39,39,1.0
thermal_max_dTdt_degC_s,thermal,DOD80_2C2C_40degC,33,33,1.0
thermal_max_dTdt_degC_s,thermal,DOD80_2C2C_50degC,3,3,1.0
thermal_rise_per_Ah,thermal,all,254,254,1.0
thermal_rise_per_Ah,thermal,DOD100_0.5C0.5C_-10degC,3,3,1.0
thermal_rise_per_Ah,thermal,DOD100_0.5C0.5C_50degC,3,3,1.0
thermal_rise_per_Ah,thermal,DOD100_1C1C_-10degC,3,3,1.0
thermal_rise_per_Ah,thermal,DOD100_1C1C_25degC,24,24,1.0
thermal_rise_per_Ah,thermal,DOD100_1C1C_40degC,13,13,1.0
thermal_rise_per_Ah,thermal,DOD100_1C1C_50degC,3,3,1.0
thermal_rise_per_Ah,thermal,DOD100_2C2C_-10degC,2,2,1.0
thermal_rise_per_Ah,thermal,DOD100_2C2C_25degC,30,30,1.0
thermal_rise_per_Ah,thermal,DOD100_2C2C_40degC,15,15,1.0
thermal_rise_per_Ah,thermal,DOD100_2C2C_50degC,2,2,1.0
thermal_rise_per_Ah,thermal,DOD20_2C2C_25degC,39,39,1.0
thermal_rise_per_Ah,thermal,DOD20_2C2C_40degC,39,39,1.0
thermal_rise_per_Ah,thermal,DOD80_1C1C_-10degC,3,3,1.0
thermal_rise_per_Ah,thermal,DOD80_2C2C_25degC,39,39,1.0
thermal_rise_per_Ah,thermal,DOD80_2C2C_40degC,33,33,1.0
thermal_rise_per_Ah,thermal,DOD80_2C2C_50degC,3,3,1.0
dcir_prev_rpt_discharge_ohm,resistance,all,254,252,0.9921259842519685
dcir_prev_rpt_discharge_ohm,resistance,DOD100_0.5C0.5C_-10degC,3,3,1.0
dcir_prev_rpt_discharge_ohm,resistance,DOD100_0.5C0.5C_50degC,3,3,1.0
dcir_prev_rpt_discharge_ohm,resistance,DOD100_1C1C_-10degC,3,3,1.0
dcir_prev_rpt_discharge_ohm,resistance,DOD100_1C1C_25degC,24,24,1.0
dcir_prev_rpt_discharge_ohm,resistance,DOD100_1C1C_40degC,13,13,1.0
dcir_prev_rpt_discharge_ohm,resistance,DOD100_1C1C_50degC,3,3,1.0
dcir_prev_rpt_discharge_ohm,resistance,DOD100_2C2C_-10degC,2,2,1.0
dcir_prev_rpt_discharge_ohm,resistance,DOD100_2C2C_25degC,30,30,1.0
dcir_prev_rpt_discharge_ohm,resistance,DOD100_2C2C_40degC,15,15,1.0
dcir_prev_rpt_discharge_ohm,resistance,DOD100_2C2C_50degC,2,2,1.0
dcir_prev_rpt_discharge_ohm,resistance,DOD20_2C2C_25degC,39,37,0.9487179487179487
dcir_prev_rpt_discharge_ohm,resistance,DOD20_2C2C_40degC,39,39,1.0
dcir_prev_rpt_discharge_ohm,resistance,DOD80_1C1C_-10degC,3,3,1.0
dcir_prev_rpt_discharge_ohm,resistance,DOD80_2C2C_25degC,39,39,1.0
dcir_prev_rpt_discharge_ohm,resistance,DOD80_2C2C_40degC,33,33,1.0
dcir_prev_rpt_discharge_ohm,resistance,DOD80_2C2C_50degC,3,3,1.0
dcir_prev_rpt_delta_from_baseline_ohm,resistance,all,254,252,0.9921259842519685
dcir_prev_rpt_delta_from_baseline_ohm,resistance,DOD100_0.5C0.5C_-10degC,3,3,1.0
dcir_prev_rpt_delta_from_baseline_ohm,resistance,DOD100_0.5C0.5C_50degC,3,3,1.0
dcir_prev_rpt_delta_from_baseline_ohm,resistance,DOD100_1C1C_-10degC,3,3,1.0
dcir_prev_rpt_delta_from_baseline_ohm,resistance,DOD100_1C1C_25degC,24,24,1.0
dcir_prev_rpt_delta_from_baseline_ohm,resistance,DOD100_1C1C_40degC,13,13,1.0
dcir_prev_rpt_delta_from_baseline_ohm,resistance,DOD100_1C1C_50degC,3,3,1.0
dcir_prev_rpt_delta_from_baseline_ohm,resistance,DOD100_2C2C_-10degC,2,2,1.0
dcir_prev_rpt_delta_from_baseline_ohm,resistance,DOD100_2C2C_25degC,30,30,1.0
dcir_prev_rpt_delta_from_baseline_ohm,resistance,DOD100_2C2C_40degC,15,15,1.0
dcir_prev_rpt_delta_from_baseline_ohm,resistance,DOD100_2C2C_50degC,2,2,1.0
dcir_prev_rpt_delta_from_baseline_ohm,resistance,DOD20_2C2C_25degC,39,37,0.9487179487179487
dcir_prev_rpt_delta_from_baseline_ohm,resistance,DOD20_2C2C_40degC,39,39,1.0
dcir_prev_rpt_delta_from_baseline_ohm,resistance,DOD80_1C1C_-10degC,3,3,1.0
dcir_prev_rpt_delta_from_baseline_ohm,resistance,DOD80_2C2C_25degC,39,39,1.0
dcir_prev_rpt_delta_from_baseline_ohm,resistance,DOD80_2C2C_40degC,33,33,1.0
dcir_prev_rpt_delta_from_baseline_ohm,resistance,DOD80_2C2C_50degC,3,3,1.0
inverse_temperature_1_K,interaction,all,254,254,1.0
inverse_temperature_1_K,interaction,DOD100_0.5C0.5C_-10degC,3,3,1.0
inverse_temperature_1_K,interaction,DOD100_0.5C0.5C_50degC,3,3,1.0
inverse_temperature_1_K,interaction,DOD100_1C1C_-10degC,3,3,1.0
inverse_temperature_1_K,interaction,DOD100_1C1C_25degC,24,24,1.0
inverse_temperature_1_K,interaction,DOD100_1C1C_40degC,13,13,1.0
inverse_temperature_1_K,interaction,DOD100_1C1C_50degC,3,3,1.0
inverse_temperature_1_K,interaction,DOD100_2C2C_-10degC,2,2,1.0
inverse_temperature_1_K,interaction,DOD100_2C2C_25degC,30,30,1.0
inverse_temperature_1_K,interaction,DOD100_2C2C_40degC,15,15,1.0
inverse_temperature_1_K,interaction,DOD100_2C2C_50degC,2,2,1.0
inverse_temperature_1_K,interaction,DOD20_2C2C_25degC,39,39,1.0
inverse_temperature_1_K,interaction,DOD20_2C2C_40degC,39,39,1.0
inverse_temperature_1_K,interaction,DOD80_1C1C_-10degC,3,3,1.0
inverse_temperature_1_K,interaction,DOD80_2C2C_25degC,39,39,1.0
inverse_temperature_1_K,interaction,DOD80_2C2C_40degC,33,33,1.0
inverse_temperature_1_K,interaction,DOD80_2C2C_50degC,3,3,1.0
stress_x_DOD_fraction,interaction,all,254,254,1.0
stress_x_DOD_fraction,interaction,DOD100_0.5C0.5C_-10degC,3,3,1.0
stress_x_DOD_fraction,interaction,DOD100_0.5C0.5C_50degC,3,3,1.0
stress_x_DOD_fraction,interaction,DOD100_1C1C_-10degC,3,3,1.0
stress_x_DOD_fraction,interaction,DOD100_1C1C_25degC,24,24,1.0
stress_x_DOD_fraction,interaction,DOD100_1C1C_40degC,13,13,1.0
stress_x_DOD_fraction,interaction,DOD100_1C1C_50degC,3,3,1.0
stress_x_DOD_fraction,interaction,DOD100_2C2C_-10degC,2,2,1.0
stress_x_DOD_fraction,interaction,DOD100_2C2C_25degC,30,30,1.0
stress_x_DOD_fraction,interaction,DOD100_2C2C_40degC,15,15,1.0
stress_x_DOD_fraction,interaction,DOD100_2C2C_50degC,2,2,1.0
stress_x_DOD_fraction,interaction,DOD20_2C2C_25degC,39,39,1.0
stress_x_DOD_fraction,interaction,DOD20_2C2C_40degC,39,39,1.0
stress_x_DOD_fraction,interaction,DOD80_1C1C_-10degC,3,3,1.0
stress_x_DOD_fraction,interaction,DOD80_2C2C_25degC,39,39,1.0
stress_x_DOD_fraction,interaction,DOD80_2C2C_40degC,33,33,1.0
stress_x_DOD_fraction,interaction,DOD80_2C2C_50degC,3,3,1.0
stress_x_inverse_temperature,interaction,all,254,254,1.0
stress_x_inverse_temperature,interaction,DOD100_0.5C0.5C_-10degC,3,3,1.0
stress_x_inverse_temperature,interaction,DOD100_0.5C0.5C_50degC,3,3,1.0
stress_x_inverse_temperature,interaction,DOD100_1C1C_-10degC,3,3,1.0
stress_x_inverse_temperature,interaction,DOD100_1C1C_25degC,24,24,1.0
stress_x_inverse_temperature,interaction,DOD100_1C1C_40degC,13,13,1.0
stress_x_inverse_temperature,interaction,DOD100_1C1C_50degC,3,3,1.0
stress_x_inverse_temperature,interaction,DOD100_2C2C_-10degC,2,2,1.0
stress_x_inverse_temperature,interaction,DOD100_2C2C_25degC,30,30,1.0
stress_x_inverse_temperature,interaction,DOD100_2C2C_40degC,15,15,1.0
stress_x_inverse_temperature,interaction,DOD100_2C2C_50degC,2,2,1.0
stress_x_inverse_temperature,interaction,DOD20_2C2C_25degC,39,39,1.0
stress_x_inverse_temperature,interaction,DOD20_2C2C_40degC,39,39,1.0
stress_x_inverse_temperature,interaction,DOD80_1C1C_-10degC,3,3,1.0
stress_x_inverse_temperature,interaction,DOD80_2C2C_25degC,39,39,1.0
stress_x_inverse_temperature,interaction,DOD80_2C2C_40degC,33,33,1.0
stress_x_inverse_temperature,interaction,DOD80_2C2C_50degC,3,3,1.0
stress_x_C_dis,interaction,all,254,254,1.0
stress_x_C_dis,interaction,DOD100_0.5C0.5C_-10degC,3,3,1.0
stress_x_C_dis,interaction,DOD100_0.5C0.5C_50degC,3,3,1.0
stress_x_C_dis,interaction,DOD100_1C1C_-10degC,3,3,1.0
stress_x_C_dis,interaction,DOD100_1C1C_25degC,24,24,1.0
stress_x_C_dis,interaction,DOD100_1C1C_40degC,13,13,1.0
stress_x_C_dis,interaction,DOD100_1C1C_50degC,3,3,1.0
stress_x_C_dis,interaction,DOD100_2C2C_-10degC,2,2,1.0
stress_x_C_dis,interaction,DOD100_2C2C_25degC,30,30,1.0
stress_x_C_dis,interaction,DOD100_2C2C_40degC,15,15,1.0
stress_x_C_dis,interaction,DOD100_2C2C_50degC,2,2,1.0
stress_x_C_dis,interaction,DOD20_2C2C_25degC,39,39,1.0
stress_x_C_dis,interaction,DOD20_2C2C_40degC,39,39,1.0
stress_x_C_dis,interaction,DOD80_1C1C_-10degC,3,3,1.0
stress_x_C_dis,interaction,DOD80_2C2C_25degC,39,39,1.0
stress_x_C_dis,interaction,DOD80_2C2C_40degC,33,33,1.0
stress_x_C_dis,interaction,DOD80_2C2C_50degC,3,3,1.0
dqv_available,flag,all,254,254,1.0
dqv_available,flag,DOD100_0.5C0.5C_-10degC,3,3,1.0
dqv_available,flag,DOD100_0.5C0.5C_50degC,3,3,1.0
dqv_available,flag,DOD100_1C1C_-10degC,3,3,1.0
dqv_available,flag,DOD100_1C1C_25degC,24,24,1.0
dqv_available,flag,DOD100_1C1C_40degC,13,13,1.0
dqv_available,flag,DOD100_1C1C_50degC,3,3,1.0
dqv_available,flag,DOD100_2C2C_-10degC,2,2,1.0
dqv_available,flag,DOD100_2C2C_25degC,30,30,1.0
dqv_available,flag,DOD100_2C2C_40degC,15,15,1.0
dqv_available,flag,DOD100_2C2C_50degC,2,2,1.0
dqv_available,flag,DOD20_2C2C_25degC,39,39,1.0
dqv_available,flag,DOD20_2C2C_40degC,39,39,1.0
dqv_available,flag,DOD80_1C1C_-10degC,3,3,1.0
dqv_available,flag,DOD80_2C2C_25degC,39,39,1.0
dqv_available,flag,DOD80_2C2C_40degC,33,33,1.0
dqv_available,flag,DOD80_2C2C_50degC,3,3,1.0
icdv_available,flag,all,254,254,1.0
icdv_available,flag,DOD100_0.5C0.5C_-10degC,3,3,1.0
icdv_available,flag,DOD100_0.5C0.5C_50degC,3,3,1.0
icdv_available,flag,DOD100_1C1C_-10degC,3,3,1.0
icdv_available,flag,DOD100_1C1C_25degC,24,24,1.0
icdv_available,flag,DOD100_1C1C_40degC,13,13,1.0
icdv_available,flag,DOD100_1C1C_50degC,3,3,1.0
icdv_available,flag,DOD100_2C2C_-10degC,2,2,1.0
icdv_available,flag,DOD100_2C2C_25degC,30,30,1.0
icdv_available,flag,DOD100_2C2C_40degC,15,15,1.0
icdv_available,flag,DOD100_2C2C_50degC,2,2,1.0
icdv_available,flag,DOD20_2C2C_25degC,39,39,1.0
icdv_available,flag,DOD20_2C2C_40degC,39,39,1.0
icdv_available,flag,DOD80_1C1C_-10degC,3,3,1.0
icdv_available,flag,DOD80_2C2C_25degC,39,39,1.0
icdv_available,flag,DOD80_2C2C_40degC,33,33,1.0
icdv_available,flag,DOD80_2C2C_50degC,3,3,1.0
dcir_available,flag,all,254,254,1.0
dcir_available,flag,DOD100_0.5C0.5C_-10degC,3,3,1.0
dcir_available,flag,DOD100_0.5C0.5C_50degC,3,3,1.0
dcir_available,flag,DOD100_1C1C_-10degC,3,3,1.0
dcir_available,flag,DOD100_1C1C_25degC,24,24,1.0
dcir_available,flag,DOD100_1C1C_40degC,13,13,1.0
dcir_available,flag,DOD100_1C1C_50degC,3,3,1.0
dcir_available,flag,DOD100_2C2C_-10degC,2,2,1.0
dcir_available,flag,DOD100_2C2C_25degC,30,30,1.0
dcir_available,flag,DOD100_2C2C_40degC,15,15,1.0
dcir_available,flag,DOD100_2C2C_50degC,2,2,1.0
dcir_available,flag,DOD20_2C2C_25degC,39,39,1.0
dcir_available,flag,DOD20_2C2C_40degC,39,39,1.0
dcir_available,flag,DOD80_1C1C_-10degC,3,3,1.0
dcir_available,flag,DOD80_2C2C_25degC,39,39,1.0
dcir_available,flag,DOD80_2C2C_40degC,33,33,1.0
dcir_available,flag,DOD80_2C2C_50degC,3,3,1.0
temporal_window_available,flag,all,254,254,1.0
temporal_window_available,flag,DOD100_0.5C0.5C_-10degC,3,3,1.0
temporal_window_available,flag,DOD100_0.5C0.5C_50degC,3,3,1.0
temporal_window_available,flag,DOD100_1C1C_-10degC,3,3,1.0
temporal_window_available,flag,DOD100_1C1C_25degC,24,24,1.0
temporal_window_available,flag,DOD100_1C1C_40degC,13,13,1.0
temporal_window_available,flag,DOD100_1C1C_50degC,3,3,1.0
temporal_window_available,flag,DOD100_2C2C_-10degC,2,2,1.0
temporal_window_available,flag,DOD100_2C2C_25degC,30,30,1.0
temporal_window_available,flag,DOD100_2C2C_40degC,15,15,1.0
temporal_window_available,flag,DOD100_2C2C_50degC,2,2,1.0
temporal_window_available,flag,DOD20_2C2C_25degC,39,39,1.0
temporal_window_available,flag,DOD20_2C2C_40degC,39,39,1.0
temporal_window_available,flag,DOD80_1C1C_-10degC,3,3,1.0
temporal_window_available,flag,DOD80_2C2C_25degC,39,39,1.0
temporal_window_available,flag,DOD80_2C2C_40degC,33,33,1.0
temporal_window_available,flag,DOD80_2C2C_50degC,3,3,1.0
