file_id,status,error
70c5c4117bb02920145a,valid,
a804091d09c7cead9115,valid,
2f78235b8956787ad89c,valid,
38fcd4260ea505144925,valid,
3ee59ab61d5e1f623f49,valid,
aa043a291c544007465a,valid,
f4dcf9f8ddfea430cb62,valid,
9b7797a98b0072a2b8ad,valid,
5e2abf6839e8aa967c5c,valid,
9794d8ae0bd22121093a,valid,
3f3f65dc106ad9927211,valid,
f3c22f0ad5c510d8abf1,valid,
e8ff4128e60c470ca70c,valid,
9d6a40c069221ddc30b3,valid,
574bc81097693a75fc2c,valid,
815b44d9fa8d350d43ea,valid,
ff6cbba7d34c97b8f0c2,valid,
b961d9d01dc9cc4b3943,valid,
e4b6214965b9087e9481,valid,
1232df847583a5571691,valid,
bd56fdceb437feede363,valid,
fab36dc17ea9ebbed32e,valid,
15ab7f3cea6d486bbc38,valid,
08dc5d874376f3fa3041,valid,
8f6451e4a6110c36d083,valid,
85266afc2abdec11fe35,valid,
a42087129b3bfae3b9f0,valid,
23cc3bc4595942f88fc5,valid,
f568488cef1779fbd750,valid,
638c19c8273d82d93477,valid,
b0957d9ed177210bd7e0,valid,
b696a429d8f96023b89c,valid,
f62518b41f77df161f35,valid,
4695becfccc9b36563f1,valid,
2950fd38398c0dee842b,valid,
527d3992ad53e493b2de,valid,
54ccc7b1a4412d2767bf,valid,
80b0838a41a09d96cdbf,valid,
d7063495cb292a899e79,valid,
1d1ebf887ef4a3a49370,valid,
8b457ccc805059ae1cdd,valid,
e75114e468a4901fdb04,valid,
738722469fa5a3783503,valid,
7a262ead23bffedf2ad2,valid,
37db99e5f834d5ec16d1,valid,
5902b71987e50ae32926,valid,
6fa0883cf5d7eaee7519,valid,
5e150c96d83de18ee242,valid,
8db1b5005b69de785307,valid,
c1031f58e3aad34ffc4d,valid,
776113ebaa28dbf8692f,valid,
2b9e624e9ae0d46602d3,valid,
a3bd9cc982188e557580,valid,
c7cef8cb65404cdf8109,valid,
13915cf1e4acf21cf001,valid,
adc1c4a205bbf1cc6ac4,valid,
42424e31418d4b00a47b,valid,
d7d208a126ef35f71c3a,valid,
0bfec563ad65c5fa6148,valid,
4688e2bce1182008e2fa,valid,
158f63a2e3107509e976,valid,
b8900cee4d5bcf35693a,valid,
feb0e9363cdf4a480370,valid,
66fd6037dc68fff7a0db,valid,
a863719c96a95700fdca,valid,
bad51be6eaa97cd91a40,valid,
8101180375c7a90d6ff9,valid,
08bd096aa92c30d2ae5a,valid,
3e18a76200717976e716,valid,
c0e18acee8cdd36cbee6,valid,
aa053f033c9f01014dd7,valid,
dba64d09da9169f1137f,valid,
6ede68d0866df0831313,valid,
f3384a6574a2d98c0233,valid,
661b15fc61ff693810bf,valid,
72543c2b6aab53959716,valid,
2cf4a5b36634e00a2da6,valid,
8a1122ac19d62aaa80cc,valid,
4305262ce03939b40985,valid,
a7513f275d2519ca3cdb,valid,
52f92fd5062a0d1f6d30,valid,
d6860c3a8063f4c33355,valid,
519f62462963a1036e0c,valid,
6532ed933221b9d5b594,valid,
7881f58717a485336e13,valid,
06dbb42203537ba3fcf9,valid,
1977cb1e8861ebb94816,valid,
ff70f8a90c74779eb0a6,valid,
53eb74032abea6950288,valid,
78b6ece7b6fcbde913a6,valid,
8b2b3a3adf30fd1f9fe0,valid,
b576be853f5f01527f6f,valid,
093b84c55fe8c131e85d,valid,
c00c2465f806121fc689,valid,
fb113298fd470da72252,valid,
d08acb70b0257b25d4f7,valid,
caa358e068bcef185d37,valid,
1a31a35fd9f217df1653,valid,
fbc604c21b679857be19,valid,
a7f0835b7626e5e8f38d,valid,
203bfa4f3388b3db55b2,valid,
fb4c47983ebdf72e9e41,valid,
8b9e57ffd51735217a5e,valid,
1b0530ed503d6fa9d30f,valid,
ad543e3e28ba365afab2,valid,
63aa5b026395c1241947,valid,
604b9069d98df066a0e3,valid,
d326ef69fc8d9cd6649f,valid,
ccf47871547c56398d3c,valid,
54549a73f3bd3a628708,valid,
a8b7d8fdfc36a415354f,valid,
d6e2429dea282d569726,valid,
ed59de01b398f28afaec,valid,
4d26f2a3d6b49ca26df8,valid,
4c8045b74a54f3f66934,valid,
114828f720b8ad5ceb81,valid,
d346407b26f6196b0b0d,valid,
768612affaa9883455b6,valid,
54c8ac55065628497f75,valid,
feccef9a28cfca3c3bac,valid,
6072fdcff3461d405699,valid,
fe3b168405eb4f09b40b,valid,
af877266674dce0a1bd0,valid,
b12fd9b6ecf5b5c18522,valid,
a92816e68254b48f07fb,valid,
dba0e81607070277fabb,valid,
46f5eb479cdcc4afb51b,valid,
1e3891b904b0cc6d1da3,valid,
0fd59c1b3f3a3fa5467f,valid,
3315f1f64a4fd8adf328,valid,
eadef0713a83a04019c8,valid,
7dcf27e1917a1ba6e48f,valid,
f63049839948d7cb42ae,valid,
4245aaec9d863162473e,valid,
101f8947162943251b3f,valid,
161189e5f2f2b4f4739c,valid,
d0b057e337d15a3ec4bf,valid,
14c756344b2685b2984b,valid,
e4f917ceec0718c92207,valid,
df4191792822e73bbbc5,valid,
f571f5a5cfccbed8c5fc,valid,
ad11d465cb3fac0528b9,valid,
16e5356400b257903952,valid,
8d686297ae4e49ad73bb,valid,
73c0fdc295fb79264dd2,valid,
a54f1ab14a36c951415f,valid,
e18f627e7d5813fac9f5,valid,
b78fa36db95add946f37,valid,
9be8eda4728e4c536ce0,valid,
5b989d1a8c606ac40ac1,valid,
f985baf500bf6507d480,valid,
f1725dc55e373d299f00,valid,
99b6c2127145aa8c33b7,valid,
0a1dab31cb4a08efe25c,valid,
835ec27f28b77ae52c83,valid,
3a7f1f08309b3716041b,valid,
57e5a7ab404da103b389,valid,
97f51fe9ac817e49e835,valid,
2efd32903dd3d3a7de04,valid,
d5f107010227f814c3d9,valid,
b07f9546a5a531ca9842,valid,
4929ac3fcdd2589b4243,valid,
e7714379a15576d51aa8,valid,
915f458e3afad8ce95d4,valid,
e932b1ed94ffb49c49a0,valid,
cd89441e519476d168b9,valid,
5391bf8aec591b30da13,valid,
7356f50354927bd8de82,valid,
4308befc29ff951c7d44,valid,
4fbed3b484fc611fe376,valid,
f97b2c858f824d59f424,valid,
97178ec69954476703df,valid,
16bf53748dda4e4dc6fb,valid,
cf81e84a3688ada24f25,valid,
e6d0e133766e48bb7e8d,valid,
3ef5008ad597832ba923,valid,
d8c9400e4d489d77268f,valid,
c2fb1b7ccb8420fc71ed,valid,
16f5d90676fe9064c4ca,valid,
166614072e029769627a,valid,
6573840da4b1c7fc9674,valid,
cd958234b479759c37c7,valid,
65721c7a6e206ab57169,valid,
8062e5ca27df54013acb,valid,
eef767b42a8bf6c0a26a,valid,
8905aec473c18c735f16,valid,
9a9a29dfa7010b074b5c,valid,
b2bf8807b4fc1fa132ad,valid,
1c0e9b9da11e830ecbc0,valid,
6d6e9626f52c7eaa496a,valid,
6e5564353d9b0428ae04,valid,
ae4d8a0d9b15b1cc3021,valid,
60b1a0911a4ca7674c28,valid,
1c52e6e5788bc551b81f,valid,
51925c5da5befc41d9e7,valid,
2de9fcabea66b49910f8,valid,
e92ade2720c2a366d5e3,valid,
9853b60b7695eed04531,valid,
58dc16203dfd8ae058d4,valid,
b7c7b7f6f045df1046d6,valid,
662d49d6cff92b0cbfa4,valid,
1db0ee42c885aeac9c1c,valid,
2179358578109060a436,valid,
6eca6e2e3f055d244b9e,valid,
5afb5c755cdb69d4ccc7,valid,
7b9760add791bcc140c5,valid,
5ba81af013cf4086d54b,valid,
5fc6cd881e024402f07d,valid,
0a359ae7430e82820590,valid,
caade5becb52f16d9502,valid,
05fb28f90a70e77192b7,valid,
dca24ad6d29f6b7978ff,valid,
5ce096c40c7540782291,valid,
e4b3ea63a4d2daa39bca,valid,
582e27a56d2f2ebc9aa3,valid,
cce436508251bc7f7263,valid,
11a890a436294ed627ab,valid,
ed1d5f291282a4db3637,valid,
fc320a767424596e85ac,valid,
e6dcdaf38e2c4d847f91,valid,
ef5e3058776b05d6d6b1,valid,
ac8e56ce7519d6b032f8,valid,
733f06514d94c47fd98e,valid,
24e133a4749df982aa0e,valid,
e5273643246cd3194a07,valid,
f91cdb68d53fb8bb0358,valid,
ac78b68e6ad9d6bf7ff0,valid,
8f9380069707f9f62c33,valid,
7b3b39b9f1d669f305cb,valid,
2661426412a6db15ff95,valid,
250f2916b47cc9278c10,valid,
b86a5b5d5c23dd943a9f,valid,
163017397a52c154fd5e,valid,
636a35937ee00acfb093,valid,
689904afb53f6314f24b,valid,
39c3274449358b72a4e2,valid,
970cd6882bbe5e0c2e52,valid,
b547fcd524747e2c7df1,valid,
ca63c55ab64df7b0bd69,valid,
31ea1e8d7f72f33a9d12,valid,
0d5291e288d3cac8bab3,valid,
c5b84d7159c759a6d7fa,valid,
ef8d824a5284e2d6b1a9,valid,
6ffd81839b9a2684deab,valid,
3e6d536c204b7c036824,valid,
3e43a735d6ae1e0274fa,valid,
11b1334ae22d47b158c2,valid,
80eea52bd21b382373e4,valid,
1d0add08c680d231f44c,valid,
33e9fdc1547374f219b5,valid,
9e9a2721a868d6170a60,valid,
1b461ddaeb491481c168,valid,
132d069daf2b0e10c993,valid,
4b34d26f4a4ca91b3e18,valid,
