condition,cell,n_cycles,Q_initial_Ah,Q_final_Ah,SOH_final_pct,fade_slope_pct_per_cycle,fade_intercept_pct,eol80_cycle,cumulative_Ah_final,CE_median,EE_median,DOD_pct,C_ch,C_dis,T_degC
DOD100_0.5C0.5C_-10degC,S2000FOQ09,203,1.0666666490533911,0.4817385482749488,45.16298964652787,-0.6217569252126864,113.19404255912357,69.0,107.77911017815073,0.989124206429313,0.7106246798633957,100.0,0.5,0.5,-10.0
DOD100_0.5C0.5C_-10degC,S2000FQ6K4,202,1.074708272052356,0.0733266670747689,6.822936882651693,-0.6260877846774809,118.86571081235527,81.0,120.09000589779075,0.9746377254992018,0.7220044567566841,100.0,0.5,0.5,-10.0
DOD100_0.5C0.5C_-10degC,S2000FQHB2,201,1.0812091745230226,1.0245129858027537,94.75622385970962,-0.026702822879008565,100.11763478314994,,211.71752142965707,0.8582249730453202,0.7340468648551718,100.0,0.5,0.5,-10.0
DOD100_0.5C0.5C_50degC,S2000FNPEL,192,1.2296027410608215,1.2305306356797217,100.07546295953274,-0.0001303470251198706,100.06706416199441,,236.21235809331378,1.0011015352470751,0.9668809220819983,100.0,0.5,0.5,50.0
DOD100_0.5C0.5C_50degC,S2000FOMBK,190,1.247361006092109,1.2430169252336387,99.65173828288252,-0.0019781060328681608,100.08171793793011,,236.74454955160078,0.9990343593071136,0.9640910302277321,100.0,0.5,0.5,50.0
DOD100_0.5C0.5C_50degC,S2000FQJRF,189,1.2477659865418629,1.2486992295387331,100.0747931108025,-7.798081472193255e-05,100.18153234308609,,236.23840459592012,1.001020885120051,0.9664257063197068,100.0,0.5,0.5,50.0
DOD100_1C1C_-10degC,S2000FOSGS,75,1.0593075141201398,0.6231249248677793,58.82379918595654,-0.37903245705719973,106.49301164019603,68.0,73.16354557290819,0.7959642431993155,0.65611734730794,100.0,1.0,1.0,-10.0
DOD100_1C1C_-10degC,S2000FPFHG,102,1.0417710277806513,0.684598649704738,65.71488661603313,-0.26796795160677234,105.68922449008895,94.0,97.64171108659954,0.753879102527339,0.6170464079765646,100.0,1.0,1.0,-10.0
DOD100_1C1C_-10degC,S2000FQW1T,315,1.0560078567409135,0.9733999997187432,92.17734446814464,-0.023279902549469857,98.73097279925064,,316.1858140357888,0.7556069985475782,0.6206252370194373,100.0,1.0,1.0,-10.0
DOD100_1C1C_25degC,S2000FM42G,1611,1.171447414520306,1.0681785974825337,91.1845110793932,-0.004235368480074462,100.70791427946646,403.0,1836.138016373018,1.0020269479304842,0.9343211918185229,100.0,1.0,1.0,25.0
DOD100_1C1C_25degC,S2000FNX7G,1600,1.1703470863597356,1.0710626021752157,91.51666327522241,-0.005203967167631042,102.28184404024987,,1837.277674982117,1.0021796599825987,0.9329245443370219,100.0,1.0,1.0,25.0
DOD100_1C1C_25degC,S2000FQ0EW,1600,1.1649017576252885,1.0705075025070812,91.89680550309798,-0.004802197805687633,101.77583765022187,,1825.2925469879922,1.0023540910889286,0.9335010089093829,100.0,1.0,1.0,25.0
DOD100_1C1C_40degC,S2000FMK8H,800,1.2197718383486191,1.1316452749402959,92.77516002274385,-0.008626710066251861,101.32616202065572,,955.0439233054559,1.0013367503371515,0.9434597665891847,100.0,1.0,1.0,40.0
DOD100_1C1C_40degC,S2000FMUJX,800,1.2152957400149564,1.1267609528354505,92.71495947328702,-0.009131467080835405,101.71167223574683,,953.3219203520679,1.0012196124791077,0.9444088949678744,100.0,1.0,1.0,40.0
DOD100_1C1C_40degC,S2000FNA0F,972,1.2109990690669756,1.07739553242918,88.96749468678522,-0.011782600467166063,102.69099022272013,,1141.2928721803808,1.002031374193234,0.9423467739947567,100.0,1.0,1.0,40.0
DOD100_1C1C_50degC,S2000EPLM8,304,1.2322248201962827,1.2755044615157969,103.51231695792495,-0.0026212084445765465,100.5650387605321,,375.21556985321513,1.0011902901928735,0.9497391738600242,100.0,1.0,1.0,50.0
DOD100_1C1C_50degC,S2000FNILQ,304,1.2305338700538704,1.2737578402653302,103.51261929991148,-0.002385260564830839,100.57596923647768,,374.8761627248078,1.0011728367638835,0.9500872774616005,100.0,1.0,1.0,50.0
DOD100_1C1C_50degC,S2000FOOS5,306,1.2204994816322583,1.2091004620452261,99.06603650730048,-0.0023859197443536952,100.57509151367978,,374.2528499888843,1.0012879337286156,0.9507239762984654,100.0,1.0,1.0,50.0
DOD100_2C2C_-10degC,S2000FQ87T,203,1.0336837024762884,0.3867772335363884,37.41736786696225,-0.641406236957582,108.45462607229913,76.0,90.29569859202812,0.991107545347302,0.5928837040359889,100.0,2.0,2.0,-10.0
DOD100_2C2C_-10degC,S2000FR213,405,1.052866040517704,1.072997181759719,101.91203253474833,-0.017002428348841764,98.49776422107198,,405.2875147410068,0.7729813937649594,0.60956301013119,100.0,2.0,2.0,-10.0
DOD100_2C2C_25degC,S2000FN8BU,1853,1.1561598746200163,1.013587070906615,87.66841793741897,-0.00669078216438048,103.01860800379995,,2074.1567888658883,1.0028818115777236,0.8930995010054236,100.0,2.0,2.0,25.0
DOD100_2C2C_25degC,S2000FOCH9,1970,1.1517990888589338,0.9727148777703221,84.45178392474445,-0.008060928380972679,103.8529399950553,,2176.215225842552,1.0030052401274236,0.8887302300636375,100.0,2.0,2.0,25.0
DOD100_2C2C_25degC,S2000FONCM,1912,1.162773165759025,0.997842976246602,85.81578984025131,-0.00751119033549394,103.22161267249336,,2135.1195309779678,1.0030831525877173,0.8886972780872544,100.0,2.0,2.0,25.0
DOD100_2C2C_40degC,S2000FLYO2,856,1.1975977166745806,1.0985993218447776,91.73358520549822,-0.010229434700881255,102.38748374705922,,1004.6835310771426,1.0026600193852704,0.9143160192623425,100.0,2.0,2.0,40.0
DOD100_2C2C_40degC,S2000FMG4P,930,1.212541624256684,1.0948010568673427,90.28977108629002,-0.011222463166823866,102.55262529393904,,1097.5389491208905,1.0028031877686625,0.9139597530109425,100.0,2.0,2.0,40.0
DOD100_2C2C_40degC,S2000FN3JX,818,1.2049912463346257,1.112983621901629,92.36445702714704,-0.009706689014865698,101.93523146975265,,965.5782837472992,1.0026360841826207,0.9159820417330549,100.0,2.0,2.0,40.0
DOD100_2C2C_50degC,S2000FP5HX,405,1.2071666940712071,1.2523427777787326,103.74232356884927,-0.00525808384619371,101.2984964633419,,490.03239141082327,1.0024245615198413,0.9220625227917691,100.0,2.0,2.0,50.0
DOD100_2C2C_50degC,S2000FQM84,405,1.2082004882733985,1.2491998569041258,103.39342427259885,-0.007122064986016581,101.51353461569205,,489.652739400688,1.0022936449863697,0.9203275592768007,100.0,2.0,2.0,50.0
DOD20_2C2C_25degC,S2000FN6H3,3400,0.24003542983499523,0.24001391348637371,99.9910361780191,-1.529003437211926e-06,99.99913801059401,,816.092206860969,1.0139958301581444,0.9511635638345197,20.0,2.0,2.0,25.0
DOD20_2C2C_25degC,S2000FN72C,3400,0.24003530858686584,0.24001436227499318,99.99127365386536,-1.2650966719679453e-06,99.99820918584196,,816.0878768367133,1.0139909009727295,0.9516856542724725,20.0,2.0,2.0,25.0
DOD20_2C2C_25degC,S2000FPG1Z,3400,0.2400140572214341,0.24001379308441342,99.99988994935391,-1.4623965071999674e-06,100.00788117098723,,816.0918151554188,1.014179952657258,0.9503179484716526,20.0,2.0,2.0,25.0
DOD20_2C2C_40degC,S2000FM244,3400,0.24005227821520567,0.24001768170502996,99.98558792674956,-1.7949809892070213e-06,99.9934121691566,,816.0990647971561,1.0135776790278337,0.9607639526997303,20.0,2.0,2.0,40.0
DOD20_2C2C_40degC,S2000FMW48,3400,0.24003503155544306,0.2400203929935515,99.99390148937982,-1.1761462892988529e-06,99.99899664385788,,816.0945960251246,1.0141255561148714,0.964626340636888,20.0,2.0,2.0,40.0
DOD20_2C2C_40degC,S2000FN0IZ,3400,0.24003538419121775,0.24002016059983966,99.99365777198666,-1.1773096365529371e-06,99.9988572900428,,816.0946415108871,1.0136102133438212,0.96424004770197,20.0,2.0,2.0,40.0
DOD80_1C1C_-10degC,S2000FNG5F,102,0.9635417094723286,0.6854151165783419,71.13497110090863,-0.692654612323487,102.18201009030237,50.0,65.36715472036286,0.8645977636632491,0.719014420589055,80.0,1.0,1.0,-10.0
DOD80_1C1C_-10degC,S2000FO405,405,0.9433426852353419,0.4828593951739286,51.18600088084284,-0.1661351116380885,53.249646478503216,44.0,74.59301747017196,1.0429968748246612,0.692502160845639,80.0,1.0,1.0,-10.0
DOD80_1C1C_-10degC,S2000FPM7N,405,0.9487003540624118,0.5067378432507837,53.41389840120658,-0.2046041829633952,65.94788287657698,63.0,93.8014161272518,1.0352369658339582,0.6865977673177465,80.0,1.0,1.0,-10.0
DOD80_2C2C_25degC,S2000FMYNP,2600,0.9409530521576747,0.9187837499525547,97.64395235721015,-0.0005446295190264797,98.97572488876645,,2404.091095575233,1.0037800829173456,0.9142559763256319,80.0,2.0,2.0,25.0
DOD80_2C2C_25degC,S2000FNNDT,2600,0.9407630299983857,0.9228444995619847,98.09531945186752,-0.0003869107958491881,99.076854107086,,2411.0962380015976,1.0036564914073898,0.914384072957655,80.0,2.0,2.0,25.0
DOD80_2C2C_25degC,S2000FPKDB,2600,0.9377703183490452,0.9202543717613716,98.13217093301581,-0.0003610704236967304,99.06965459331434,,2404.069999814854,1.003748538834612,0.9136539428736404,80.0,2.0,2.0,25.0
DOD80_2C2C_40degC,S2000FLPGG,2200,0.9604863926403029,0.9296551004963689,96.79003342679523,-0.0008013563796054783,98.20216500232819,,2056.445540127257,1.0037318977522087,0.9296965140809705,80.0,2.0,2.0,40.0
DOD80_2C2C_40degC,S2000FMEL8,2200,0.955871530606593,0.9298706029062181,97.2798721514517,-0.0006196136254567303,98.4485792398456,,2055.952796953404,1.0034630986516677,0.9292722911668585,80.0,2.0,2.0,40.0
DOD80_2C2C_40degC,S2000FMOQ0,2200,0.9501111636853558,0.9208999057120728,96.92549050155601,-0.0007082721111476145,98.1918895376671,,2036.1581460170669,1.0036639790803061,0.9290015127612576,80.0,2.0,2.0,40.0
DOD80_2C2C_50degC,S2000FPNAD,405,1.0654663749336597,1.2608387467277968,118.33679376379212,-0.004560878709806782,89.45177989818893,,382.0016403932067,1.0033808671578197,0.9378504615305236,80.0,2.0,2.0,50.0
DOD80_2C2C_50degC,S2000FPXAW,405,1.0751662014917223,1.2800839434392892,119.05916886740461,-0.004270868436681836,89.24915629306088,,384.8533640957122,1.0033848754691441,0.9358591330463493,80.0,2.0,2.0,50.0
DOD80_2C2C_50degC,S2000FQD0M,405,1.0758828323312464,1.2683254843468652,117.88695257815667,-0.004610490354811741,89.52350555102917,,386.00490135299657,1.0033646524128308,0.9382304004520071,80.0,2.0,2.0,50.0
